<?xml version="1.0" encoding="UTF-8" standalone="yes"?>
<addon id="repository.vnmusic"
		name="Vietnam music Add-ons"
		version="0.9"
		provider-name="MrOdin">
  <requires>
    <import addon="xbmc.addon" version="12.0.0"/>
  </requires>
	<extension point="xbmc.addon.repository"
		name="VietMedia Add-on Repository">
		<info compressed="true">https://raw.github.com/tamnm/kodi.mp3.zing.vn/master/addons.xml</info>
		<checksum>https://raw.github.com/tamnm/kodi.mp3.zing.vn/master/addons.xml.md5</checksum>
		<datadir zip="true">https://raw.github.com/tamnm/kodi.mp3.zing.vn/master</datadir>
		<hashes>true</hashes>
	</extension>
	<extension point="xbmc.addon.metadata">
		<summary lang="en">Vietname music add-ons</summary>
		<description lang="en"></description>
		<disclaimer lang="en"></disclaimer>
		<platform>all</platform>
	</extension>
</addon>