<?xml version="1.0" encoding="UTF-8" standalone="yes"?>
<addon
  id="plugin.video.talktv"
  version="0.1.0"
  name="TalkTV.vn"
  provider-name="MrOdin">
  <requires>
	<import addon="xbmc.python" version="2.1.0" />    
    <import addon="script.common.plugin.cache" version="2.5.2" />    
    <import addon="script.module.requests" version="2.4.3"/>
    <import addon="service.vnmusic" version="1.0.2"/>
  </requires>
  <extension point="xbmc.python.pluginsource"
            library="talktv.py">
        <provides>video</provides>
  </extension>
  <extension point="xbmc.addon.metadata">
    <summary>Truyền hình trực tiếp, stream game, xem trực tiếp game</summary>
    <description>TalkTV là hệ thống cho phép stream và xem trực tiếp hoàn toàn miễn phí được xây dựng cho cộng đồng Việt.</description>
    <platform>all</platform>
  </extension>
</addon>
