<?xml version="1.0" encoding="UTF-8" standalone="yes"?>
<addon
  id="plugin.video.tvzing"
  version="0.9.3"
  name="Tv.Zing.Vn"
  provider-name="MrOdin">
  <requires>
	<import addon="xbmc.python" version="2.1.0" />    
    <import addon="script.common.plugin.cache" version="2.5.2" />    
    <import addon="script.module.requests" version="2.4.3"/>
    <import addon="service.vnmusic" version="1.0.1"/>
  </requires>
  <extension point="xbmc.python.pluginsource"
            library="tvzing.py">
        <provides>video</provides>
  </extension>
  <extension point="xbmc.addon.metadata">
    <summary>Zing TV - Truyền hình, Phim, Giáo Dục</summary>
    <description>TV Show, Hài Kịch, Phim Truyền Hình chất lượng HD</description>
    <platform>all</platform>
  </extension>
</addon>
