<?xml version="1.0" encoding="UTF-8" standalone="yes"?>
<addon id="service.vnmusic"
       name="Vn Music Service"
       version="1.0.0"
       provider-name="MrOdin">
  <requires>
    <import addon="xbmc.python" version="2.1.0"/>
    <import addon="script.module.requests" version="2.4.3"/>
  </requires>
  <extension point="xbmc.service" library="service.py" start="login" />
  <extension point="xbmc.addon.metadata">
    <platform>all</platform>
    <summary lang="en">Service support for vietnamese music addons (NhacCuaTui and Zing)</summary>
	<description lang="en"></description>
	<website></website>
	<email></email>
  </extension>
</addon>